{"cameraMode":{"drawMode":0,"name":"Shaded","section":"Shading Mode"},"sceneLighting":false,"audioPlay":false,"sceneViewState":{"showFog":true,"showMaterialUpdate":false,"showSkybox":false,"showFlares":true,"showImageEffects":true,"showParticleSystems":true},"in2DMode":false,"pivot":{"x":0.051242828369140628,"y":10.15020751953125,"z":141.65335083007813},"rotation":{"x":-0.2687784433364868,"y":0.19114364683628083,"z":-0.054511189460754397,"w":-0.9424706101417542},"size":122.81864929199219,"orthographic":false}