{"cameraMode":{"drawMode":0,"name":"Shaded","section":"Shading Mode"},"sceneLighting":true,"audioPlay":false,"sceneViewState":{"showFog":true,"showMaterialUpdate":false,"showSkybox":true,"showFlares":true,"showImageEffects":true,"showParticleSystems":true},"in2DMode":false,"pivot":{"x":348.7173767089844,"y":198.7537841796875,"z":106.93161010742188},"rotation":{"x":-0.20865994691848756,"y":0.5696108937263489,"z":-0.15232783555984498,"w":-0.7802568674087524},"size":65.94263458251953,"orthographic":false}